File Number,Measurement Increment,Data,Marker,Measurement Time,Latitude,Longitude,Instrument Number,Measurement Area Number,Operator,Direction,Line Distance,Point Distance,Harmonic,Mode,Preset Field,Sampling Interval
8,1,37200.137,0,2025-03-14 13:14:55,17.1815,20.93402777777778,1,4,1,270,10,10,Lock,Manual,37100,10
8,2,37545.285,0,2025-03-14 13:15:22,17.181472222222222,20.93391666666667,1,4,1,270,10,10,Lock,Manual,37100,10
8,3,37189.957,0,2025-03-14 13:15:44,17.181444444444445,20.933805555555555,1,4,1,270,10,10,Lock,Manual,37100,10
8,4,37191.953,0,2025-03-14 13:16:09,17.181444444444445,20.933694444444445,1,4,1,270,10,10,Lock,Manual,37100,10
8,5,37199.645,0,2025-03-14 13:16:31,17.181416666666667,20.933611111111112,1,4,1,270,10,10,Lock,Manual,37100,10
8,6,37198.008,0,2025-03-14 13:16:54,17.181416666666667,20.9335,1,4,1,270,10,10,Lock,Manual,37100,10
8,7,37198.172,0,2025-03-14 13:17:16,17.181416666666667,20.933416666666666,1,4,1,270,10,10,Lock,Manual,37100,10
8,8,37198.379,0,2025-03-14 13:17:38,17.181416666666667,20.933305555555556,1,4,1,270,10,10,Lock,Manual,37100,10
8,9,37197.77,0,2025-03-14 13:18:01,17.181416666666667,20.933194444444446,1,4,1,270,10,10,Lock,Manual,37100,10
8,10,37218.043,0,2025-03-14 13:18:27,17.181472222222222,20.933111111111113,1,4,1,270,10,10,Lock,Manual,37100,10
8,11,37176.73,0,2025-03-14 13:18:50,17.181472222222222,20.933027777777777,1,4,1,270,10,10,Lock,Manual,37100,10
8,12,37203.25,0,2025-03-14 13:19:17,17.1815,20.932916666666667,1,4,1,270,10,10,Lock,Manual,37100,10
8,13,37202.523,0,2025-03-14 13:19:42,17.181472222222222,20.932861111111112,1,4,1,270,10,10,Lock,Manual,37100,10
8,14,37201.023,0,2025-03-14 13:20:03,17.181472222222222,20.93277777777778,1,4,1,270,10,10,Lock,Manual,37100,10
8,15,37199.398,0,2025-03-14 13:20:27,17.181472222222222,20.932694444444447,1,4,1,270,10,10,Lock,Manual,37100,10
8,16,37197.41,0,2025-03-14 13:20:50,17.181472222222222,20.932583333333334,1,4,1,270,10,10,Lock,Manual,37100,10
8,17,37199.418,0,2025-03-14 13:21:13,17.181472222222222,20.9325,1,4,1,270,10,10,Lock,Manual,37100,10
8,18,37554.789,0,2025-03-14 13:21:36,17.181472222222222,20.93238888888889,1,4,1,270,10,10,Lock,Manual,37100,10
8,19,37206.328,0,2025-03-14 13:21:59,17.181472222222222,20.932333333333336,1,4,1,270,10,10,Lock,Manual,37100,10
8,20,37319.484,0,2025-03-14 13:22:25,17.1815,20.932222222222222,1,4,1,270,10,10,Lock,Manual,37100,10
8,21,37437.305,0,2025-03-14 13:22:49,17.181472222222222,20.932111111111112,1,4,1,270,10,10,Lock,Manual,37100,10
8,22,37199.203,0,2025-03-14 13:23:10,17.181472222222222,20.93202777777778,1,4,1,270,10,10,Lock,Manual,37100,10
8,23,37206.574,0,2025-03-14 13:23:33,17.181444444444445,20.931944444444447,1,4,1,270,10,10,Lock,Manual,37100,10
8,24,37316.172,0,2025-03-14 13:23:54,17.181472222222222,20.93188888888889,1,4,1,270,10,10,Lock,Manual,37100,10
8,25,37188.055,0,2025-03-14 13:24:22,17.181472222222222,20.93177777777778,1,4,1,270,10,10,Lock,Manual,37100,10
8,26,37309.574,0,2025-03-14 13:24:44,17.181472222222222,20.93166666666667,1,4,1,270,10,10,Lock,Manual,37100,10
8,27,37560.344,0,2025-03-14 13:25:07,17.181472222222222,20.93155555555556,1,4,1,270,10,10,Lock,Manual,37100,10
8,28,37198.961,0,2025-03-14 13:25:26,17.181472222222222,20.931472222222222,1,4,1,270,10,10,Lock,Manual,37100,10
8,29,37431.988,0,2025-03-14 13:25:46,17.181472222222222,20.931361111111112,1,4,1,270,10,10,Lock,Manual,37100,10
8,30,37561.113,0,2025-03-14 13:26:05,17.181472222222222,20.93127777777778,1,4,1,270,10,10,Lock,Manual,37100,10
8,31,37197.824,0,2025-03-14 13:26:24,17.181472222222222,20.93116666666667,1,4,1,270,10,10,Lock,Manual,37100,10
8,32,37197.082,0,2025-03-14 13:26:45,17.181444444444445,20.931083333333333,1,4,1,270,10,10,Lock,Manual,37100,10
8,33,37203.02,0,2025-03-14 13:27:07,17.181444444444445,20.930972222222223,1,4,1,270,10,10,Lock,Manual,37100,10
8,34,37447.383,0,2025-03-14 13:27:26,17.181444444444445,20.930861111111113,1,4,1,270,10,10,Lock,Manual,37100,10
8,35,37201.758,0,2025-03-14 13:27:50,17.181444444444445,20.93075,1,4,1,270,10,10,Lock,Manual,37100,10
8,36,37189.195,0,2025-03-14 13:28:49,17.181250000000002,20.93088888888889,1,4,1,90,10,10,Lock,Manual,37100,10
8,37,37188.414,0,2025-03-14 13:29:13,17.181250000000002,20.931,1,4,1,90,10,10,Lock,Manual,37100,10
8,38,37193.875,0,2025-03-14 13:29:33,17.18127777777778,20.93111111111111,1,4,1,90,10,10,Lock,Manual,37100,10
8,39,37194.203,0,2025-03-14 13:29:53,17.181250000000002,20.931222222222225,1,4,1,90,10,10,Lock,Manual,37100,10
8,40,37195.191,0,2025-03-14 13:30:14,17.181250000000002,20.931305555555557,1,4,1,90,10,10,Lock,Manual,37100,10
8,41,37200.32,0,2025-03-14 13:30:35,17.181250000000002,20.93138888888889,1,4,1,90,10,10,Lock,Manual,37100,10
8,42,37429.633,0,2025-03-14 13:30:55,17.181222222222225,20.931472222222222,1,4,1,90,10,10,Lock,Manual,37100,10
8,43,37202.43,0,2025-03-14 13:31:17,17.181222222222225,20.931583333333336,1,4,1,90,10,10,Lock,Manual,37100,10
8,44,37202.609,0,2025-03-14 13:31:37,17.181250000000002,20.93166666666667,1,4,1,90,10,10,Lock,Manual,37100,10
8,45,37204.586,0,2025-03-14 13:31:58,17.181250000000002,20.93175,1,4,1,90,10,10,Lock,Manual,37100,10
8,46,37210.43,0,2025-03-14 13:32:17,17.181250000000002,20.93186111111111,1,4,1,90,10,10,Lock,Manual,37100,10
8,47,37212.383,0,2025-03-14 13:32:37,17.18127777777778,20.931944444444447,1,4,1,90,10,10,Lock,Manual,37100,10
8,48,37210.617,0,2025-03-14 13:33:04,17.18127777777778,20.93202777777778,1,4,1,90,10,10,Lock,Manual,37100,10
8,49,37209.484,0,2025-03-14 13:33:26,17.181250000000002,20.93213888888889,1,4,1,90,10,10,Lock,Manual,37100,10
8,50,37207.324,0,2025-03-14 13:33:48,17.181250000000002,20.93225,1,4,1,90,10,10,Lock,Manual,37100,10
8,51,37208.609,0,2025-03-14 13:35:11,17.181250000000002,20.93230555555556,1,4,1,90,10,10,Lock,Manual,37100,10
8,52,37208.637,0,2025-03-14 13:35:35,17.18127777777778,20.93238888888889,1,4,1,90,10,10,Lock,Manual,37100,10
8,53,37208.543,0,2025-03-14 13:35:58,17.18127777777778,20.9325,1,4,1,90,10,10,Lock,Manual,37100,10
8,54,37202.75,0,2025-03-14 13:36:52,17.18127777777778,20.932722222222225,1,4,1,90,10,10,Lock,Manual,37100,10
8,55,37202.039,0,2025-03-14 13:37:21,17.181250000000002,20.932833333333335,1,4,1,90,10,10,Lock,Manual,37100,10
8,56,37322.57,0,2025-03-14 13:37:42,17.18127777777778,20.932916666666667,1,4,1,90,10,10,Lock,Manual,37100,10
8,57,37196.238,0,2025-03-14 13:38:03,17.18127777777778,20.933027777777777,1,4,1,90,10,10,Lock,Manual,37100,10
8,58,37323.883,0,2025-03-14 13:38:26,17.18127777777778,20.933111111111113,1,4,1,90,10,10,Lock,Manual,37100,10
8,59,37197.656,0,2025-03-14 13:38:53,17.181250000000002,20.933194444444446,1,4,1,90,10,10,Lock,Manual,37100,10
8,60,37333.465,0,2025-03-14 13:39:29,17.18127777777778,20.933305555555556,1,4,1,90,10,10,Lock,Manual,37100,10
8,61,37188.41,0,2025-03-14 13:39:49,17.181305555555557,20.93338888888889,1,4,1,90,10,10,Lock,Manual,37100,10
8,62,37190.004,0,2025-03-14 13:40:11,17.18127777777778,20.93347222222222,1,4,1,90,10,10,Lock,Manual,37100,10
8,63,37204.297,0,2025-03-14 13:41:14,17.18127777777778,20.933555555555557,1,4,1,90,10,10,Lock,Manual,37100,10
8,64,37202.742,0,2025-03-14 13:41:39,17.18127777777778,20.933666666666667,1,4,1,90,10,10,Lock,Manual,37100,10
8,65,37438.902,0,2025-03-14 13:42:03,17.18127777777778,20.933777777777777,1,4,1,90,10,10,Lock,Manual,37100,10
8,66,37320.625,0,2025-03-14 13:42:26,17.18127777777778,20.933833333333332,1,4,1,90,10,10,Lock,Manual,37100,10
8,67,37202.934,0,2025-03-14 13:42:52,17.18127777777778,20.933944444444446,1,4,1,90,10,10,Lock,Manual,37100,10
8,68,37194.188,0,2025-03-14 13:43:59,17.18111111111111,20.933833333333332,1,4,1,270,10,10,Lock,Manual,37100,10
8,69,37324.18,0,2025-03-14 13:44:28,17.18111111111111,20.933666666666667,1,4,1,270,10,10,Lock,Manual,37100,10
8,70,37785.262,0,2025-03-14 13:44:47,17.18111111111111,20.93363888888889,1,4,1,270,10,10,Lock,Manual,37100,10
8,71,37189.922,0,2025-03-14 13:47:40,17.18111111111111,20.93347222222222,1,4,1,270,10,10,Lock,Manual,37100,10
8,72,37429.84,0,2025-03-14 13:48:47,17.18111111111111,20.93338888888889,1,4,1,270,10,10,Lock,Manual,37100,10
8,73,37311.574,0,2025-03-14 13:49:05,17.18113888888889,20.933333333333334,1,4,1,270,10,10,Lock,Manual,37100,10
8,74,37428.129,0,2025-03-14 13:49:35,17.18113888888889,20.93325,1,4,1,270,10,10,Lock,Manual,37100,10
8,75,37206.457,0,2025-03-14 13:49:56,17.18111111111111,20.93313888888889,1,4,1,270,10,10,Lock,Manual,37100,10
8,76,37310.602,0,2025-03-14 13:50:17,17.18111111111111,20.933027777777777,1,4,1,270,10,10,Lock,Manual,37100,10
8,77,37191.613,0,2025-03-14 13:50:39,17.18111111111111,20.932944444444445,1,4,1,270,10,10,Lock,Manual,37100,10
8,78,37439.105,0,2025-03-14 13:51:02,17.181083333333333,20.932861111111112,1,4,1,270,10,10,Lock,Manual,37100,10
8,79,37191.484,0,2025-03-14 13:51:23,17.18111111111111,20.93277777777778,1,4,1,270,10,10,Lock,Manual,37100,10
8,80,37441.77,0,2025-03-14 13:51:52,17.18111111111111,20.932666666666666,1,4,1,270,10,10,Lock,Manual,37100,10
8,81,37199.801,0,2025-03-14 13:52:13,17.181083333333333,20.932583333333334,1,4,1,270,10,10,Lock,Manual,37100,10
8,82,37205.156,0,2025-03-14 13:52:41,17.181083333333333,20.932472222222223,1,4,1,270,10,10,Lock,Manual,37100,10
8,83,37205.41,0,2025-03-14 13:53:06,17.18111111111111,20.932361111111113,1,4,1,270,10,10,Lock,Manual,37100,10
8,84,37195.672,0,2025-03-14 13:53:27,17.18111111111111,20.932277777777777,1,4,1,270,10,10,Lock,Manual,37100,10
8,85,37194.551,0,2025-03-14 13:53:47,17.18111111111111,20.932166666666667,1,4,1,270,10,10,Lock,Manual,37100,10
8,86,37216.625,0,2025-03-14 13:54:11,17.18113888888889,20.932055555555557,1,4,1,270,10,10,Lock,Manual,37100,10
8,87,37215.086,0,2025-03-14 13:54:33,17.18113888888889,20.932000000000002,1,4,1,270,10,10,Lock,Manual,37100,10
8,88,37206.227,0,2025-03-14 13:54:54,17.18113888888889,20.93188888888889,1,4,1,270,10,10,Lock,Manual,37100,10
8,89,37274.719,0,2025-03-14 13:55:15,17.18111111111111,20.931805555555556,1,4,1,270,10,10,Lock,Manual,37100,10
8,90,37339.457,0,2025-03-14 13:55:39,17.18111111111111,20.931722222222223,1,4,1,270,10,10,Lock,Manual,37100,10
8,91,37439.492,0,2025-03-14 13:55:59,17.181083333333333,20.931583333333336,1,4,1,270,10,10,Lock,Manual,37100,10
8,92,37205.133,0,2025-03-14 13:56:20,17.181083333333333,20.9315,1,4,1,270,10,10,Lock,Manual,37100,10
8,93,37203.563,0,2025-03-14 13:56:43,17.181083333333333,20.931416666666667,1,4,1,270,10,10,Lock,Manual,37100,10
8,94,37212.465,0,2025-03-14 13:57:04,17.18111111111111,20.931305555555557,1,4,1,270,10,10,Lock,Manual,37100,10
8,95,37307.723,0,2025-03-14 13:57:26,17.181083333333333,20.931250000000002,1,4,1,270,10,10,Lock,Manual,37100,10
8,96,37207.613,0,2025-03-14 13:57:51,17.18111111111111,20.93113888888889,1,4,1,270,10,10,Lock,Manual,37100,10
8,97,37208.063,0,2025-03-14 13:58:13,17.18111111111111,20.931083333333333,1,4,1,270,10,10,Lock,Manual,37100,10
8,98,37346.422,0,2025-03-14 14:00:26,17.18091666666667,20.931305555555557,1,4,1,90,10,10,Lock,Manual,37100,10
8,99,37340.336,0,2025-03-14 14:00:52,17.18091666666667,20.931361111111112,1,4,1,90,10,10,Lock,Manual,37100,10
8,100,37453.207,0,2025-03-14 14:01:13,17.18091666666667,20.9315,1,4,1,90,10,10,Lock,Manual,37100,10
9,1,37217.18,0,2025-03-14 14:02:07,17.18091666666667,20.931583333333336,1,4,1,90,10,10,Lock,Manual,37100,10
9,2,37444.449,0,2025-03-14 14:02:28,17.18091666666667,20.931694444444446,1,4,1,90,10,10,Lock,Manual,37100,10
9,3,37325.332,0,2025-03-14 14:02:49,17.180944444444446,20.93177777777778,1,4,1,90,10,10,Lock,Manual,37100,10
9,4,37215.547,0,2025-03-14 14:03:10,17.18091666666667,20.93188888888889,1,4,1,90,10,10,Lock,Manual,37100,10
9,5,37214.289,0,2025-03-14 14:03:31,17.18091666666667,20.931972222222225,1,4,1,90,10,10,Lock,Manual,37100,10
9,6,37332.105,0,2025-03-14 14:03:50,17.18091666666667,20.932055555555557,1,4,1,90,10,10,Lock,Manual,37100,10
9,7,37212.457,0,2025-03-14 14:04:09,17.18091666666667,20.932166666666667,1,4,1,90,10,10,Lock,Manual,37100,10
9,8,37325.387,0,2025-03-14 14:04:32,17.18091666666667,20.932222222222222,1,4,1,90,10,10,Lock,Manual,37100,10
9,9,37206.746,0,2025-03-14 14:04:53,17.180944444444446,20.93230555555556,1,4,1,90,10,10,Lock,Manual,37100,10
9,10,37207.047,0,2025-03-14 14:05:15,17.180944444444446,20.93238888888889,1,4,1,90,10,10,Lock,Manual,37100,10
9,11,37208.41,0,2025-03-14 14:05:40,17.180944444444446,20.9325,1,4,1,90,10,10,Lock,Manual,37100,10
9,12,37208.688,0,2025-03-14 14:06:01,17.18091666666667,20.932583333333334,1,4,1,90,10,10,Lock,Manual,37100,10
9,13,37202.852,0,2025-03-14 14:06:24,17.180972222222223,20.932666666666666,1,4,1,90,10,10,Lock,Manual,37100,10
9,14,37208.352,0,2025-03-14 14:06:46,17.180944444444446,20.932750000000002,1,4,1,90,10,10,Lock,Manual,37100,10
9,15,37209.699,0,2025-03-14 14:07:09,17.180944444444446,20.93288888888889,1,4,1,90,10,10,Lock,Manual,37100,10
9,16,37209.789,0,2025-03-14 14:07:30,17.18091666666667,20.932972222222222,1,4,1,90,10,10,Lock,Manual,37100,10
9,17,37673.82,0,2025-03-14 14:07:53,17.18091666666667,20.93305555555556,1,4,1,90,10,10,Lock,Manual,37100,10
9,18,37204.629,0,2025-03-14 14:08:17,17.180944444444446,20.93313888888889,1,4,1,90,10,10,Lock,Manual,37100,10
9,19,37203.52,0,2025-03-14 14:08:38,17.18091666666667,20.93325,1,4,1,90,10,10,Lock,Manual,37100,10
9,20,37675.141,0,2025-03-14 14:09:00,17.18091666666667,20.933333333333334,1,4,1,90,10,10,Lock,Manual,37100,10
9,21,37186.848,0,2025-03-14 14:09:18,17.18088888888889,20.933416666666666,1,4,1,90,10,10,Lock,Manual,37100,10
9,22,37789.887,0,2025-03-14 14:09:44,17.18088888888889,20.93352777777778,1,4,1,90,10,10,Lock,Manual,37100,10
9,23,37547.164,0,2025-03-14 14:10:14,17.18088888888889,20.93363888888889,1,4,1,90,10,10,Lock,Manual,37100,10
9,24,37441.754,0,2025-03-14 14:10:44,17.18091666666667,20.933722222222222,1,4,1,90,10,10,Lock,Manual,37100,10
9,25,37321.336,0,2025-03-14 14:11:48,17.18075,20.93363888888889,1,4,1,270,10,10,Lock,Manual,37100,10
9,26,37196.184,0,2025-03-14 14:12:12,17.18075,20.93352777777778,1,4,1,270,10,10,Lock,Manual,37100,10
9,27,37319.234,0,2025-03-14 14:12:34,17.180777777777777,20.933416666666666,1,4,1,270,10,10,Lock,Manual,37100,10
9,28,37205.355,0,2025-03-14 14:12:56,17.18075,20.933333333333334,1,4,1,270,10,10,Lock,Manual,37100,10
9,29,37199.117,0,2025-03-14 14:13:17,17.180722222222222,20.933222222222224,1,4,1,270,10,10,Lock,Manual,37100,10
9,30,37199.75,0,2025-03-14 14:13:39,17.18075,20.93313888888889,1,4,1,270,10,10,Lock,Manual,37100,10
9,31,37653.414,0,2025-03-14 14:14:00,17.18075,20.933027777777777,1,4,1,270,10,10,Lock,Manual,37100,10
9,32,37350.418,0,2025-03-14 14:14:21,17.18075,20.932944444444445,1,4,1,270,10,10,Lock,Manual,37100,10
9,33,37203.773,0,2025-03-14 14:14:43,17.18075,20.932833333333335,1,4,1,270,10,10,Lock,Manual,37100,10
9,34,37447.668,0,2025-03-14 14:15:04,17.18075,20.932750000000002,1,4,1,270,10,10,Lock,Manual,37100,10
9,35,37446.754,0,2025-03-14 14:15:30,17.18075,20.93263888888889,1,4,1,270,10,10,Lock,Manual,37100,10
9,36,37446.543,0,2025-03-14 14:15:53,17.18075,20.932555555555556,1,4,1,270,10,10,Lock,Manual,37100,10
9,37,37560.797,0,2025-03-14 14:16:20,17.18075,20.932472222222223,1,4,1,270,10,10,Lock,Manual,37100,10
9,38,37561.578,0,2025-03-14 14:16:44,17.180777777777777,20.93238888888889,1,4,1,270,10,10,Lock,Manual,37100,10
9,39,37333.262,0,2025-03-14 14:17:11,17.18075,20.932277777777777,1,4,1,270,10,10,Lock,Manual,37100,10
9,40,37428.168,0,2025-03-14 14:17:40,17.18075,20.932166666666667,1,4,1,270,10,10,Lock,Manual,37100,10
9,41,37433.508,0,2025-03-14 14:18:06,17.18075,20.932083333333335,1,4,1,270,10,10,Lock,Manual,37100,10
9,42,37675.988,0,2025-03-14 14:18:28,17.18075,20.932000000000002,1,4,1,270,10,10,Lock,Manual,37100,10
9,43,37322.441,0,2025-03-14 14:18:50,17.180722222222222,20.93188888888889,1,4,1,270,10,10,Lock,Manual,37100,10
9,44,37448.023,0,2025-03-14 14:19:13,17.180722222222222,20.93177777777778,1,4,1,270,10,10,Lock,Manual,37100,10
9,45,37682.77,0,2025-03-14 14:19:34,17.180722222222222,20.931694444444446,1,4,1,270,10,10,Lock,Manual,37100,10
9,46,37212.625,0,2025-03-14 14:19:57,17.180722222222222,20.931583333333336,1,4,1,270,10,10,Lock,Manual,37100,10
9,47,37578.844,0,2025-03-14 14:20:17,17.18075,20.9315,1,4,1,270,10,10,Lock,Manual,37100,10
9,48,37212.57,0,2025-03-14 14:20:37,17.18075,20.931416666666667,1,4,1,270,10,10,Lock,Manual,37100,10
9,49,37564.082,0,2025-03-14 14:20:58,17.18075,20.931305555555557,1,4,1,270,10,10,Lock,Manual,37100,10
9,50,37209.742,0,2025-03-14 14:22:19,17.180583333333335,20.931472222222222,1,4,1,90,10,10,Lock,Manual,37100,10
9,51,37445.742,0,2025-03-14 14:22:47,17.180583333333335,20.93155555555556,1,4,1,90,10,10,Lock,Manual,37100,10
9,52,37446.035,0,2025-03-14 14:23:10,17.18052777777778,20.93166666666667,1,4,1,90,10,10,Lock,Manual,37100,10
9,53,37444.887,0,2025-03-14 14:23:33,17.18052777777778,20.93175,1,4,1,90,10,10,Lock,Manual,37100,10
9,54,37446.414,0,2025-03-14 14:23:57,17.18052777777778,20.93186111111111,1,4,1,90,10,10,Lock,Manual,37100,10
9,55,37212.328,0,2025-03-14 14:24:21,17.180583333333335,20.93191666666667,1,4,1,90,10,10,Lock,Manual,37100,10
9,56,37213.523,0,2025-03-14 14:24:47,17.180555555555557,20.93202777777778,1,4,1,90,10,10,Lock,Manual,37100,10
9,57,37444.242,0,2025-03-14 14:25:12,17.180555555555557,20.93213888888889,1,4,1,90,10,10,Lock,Manual,37100,10
9,58,37445.742,0,2025-03-14 14:25:33,17.180555555555557,20.932222222222222,1,4,1,90,10,10,Lock,Manual,37100,10
9,59,37212.941,0,2025-03-14 14:25:59,17.18052777777778,20.93230555555556,1,4,1,90,10,10,Lock,Manual,37100,10
9,60,37213.48,0,2025-03-14 14:26:27,17.180555555555557,20.93238888888889,1,4,1,90,10,10,Lock,Manual,37100,10
9,61,37330.09,0,2025-03-14 14:26:53,17.180555555555557,20.9325,1,4,1,90,10,10,Lock,Manual,37100,10
9,62,37320.633,0,2025-03-14 14:27:19,17.180500000000002,20.932555555555556,1,4,1,90,10,10,Lock,Manual,37100,10
9,63,37212.996,0,2025-03-14 14:27:44,17.18052777777778,20.932666666666666,1,4,1,90,10,10,Lock,Manual,37100,10
9,64,37212.285,0,2025-03-14 14:28:04,17.18052777777778,20.932722222222225,1,4,1,90,10,10,Lock,Manual,37100,10
9,65,37190.234,0,2025-03-14 14:28:29,17.18052777777778,20.932833333333335,1,4,1,90,10,10,Lock,Manual,37100,10
9,66,37563.141,0,2025-03-14 14:28:52,17.18052777777778,20.932944444444445,1,4,1,90,10,10,Lock,Manual,37100,10
9,67,37424.789,0,2025-03-14 14:29:16,17.18052777777778,20.933083333333336,1,4,1,90,10,10,Lock,Manual,37100,10
9,68,37913.496,0,2025-03-14 14:29:37,17.18052777777778,20.93313888888889,1,4,1,90,10,10,Lock,Manual,37100,10
9,69,37195.418,0,2025-03-14 14:29:58,17.180555555555557,20.933222222222224,1,4,1,90,10,10,Lock,Manual,37100,10
9,70,37441.828,0,2025-03-14 14:30:23,17.18052777777778,20.933333333333334,1,4,1,90,10,10,Lock,Manual,37100,10
9,71,37443.793,0,2025-03-14 14:30:45,17.180555555555557,20.93347222222222,1,4,1,90,10,10,Lock,Manual,37100,10
9,72,37443.539,0,2025-03-14 14:31:07,17.180555555555557,20.933555555555557,1,4,1,90,10,10,Lock,Manual,37100,10
9,73,37441.605,0,2025-03-14 14:44:00,17.180305555555556,20.933333333333334,1,4,1,270,10,10,Lock,Manual,37100,10
9,74,37564.797,0,2025-03-14 14:44:25,17.180333333333333,20.93325,1,4,1,270,10,10,Lock,Manual,37100,10
9,75,37558.301,0,2025-03-14 14:44:48,17.18038888888889,20.93327777777778,1,4,1,270,10,10,Lock,Manual,37100,10
9,76,37206.973,0,2025-03-14 14:45:12,17.18036111111111,20.933083333333336,1,4,1,270,10,10,Lock,Manual,37100,10
9,77,37208.332,0,2025-03-14 14:45:35,17.18038888888889,20.932916666666667,1,4,1,270,10,10,Lock,Manual,37100,10
9,78,37336.414,0,2025-03-14 14:45:59,17.18036111111111,20.932833333333335,1,4,1,270,10,10,Lock,Manual,37100,10
9,79,37333.977,0,2025-03-14 14:46:23,17.18036111111111,20.932750000000002,1,4,1,270,10,10,Lock,Manual,37100,10
9,80,37800.633,0,2025-03-14 14:46:48,17.18038888888889,20.932666666666666,1,4,1,270,10,10,Lock,Manual,37100,10
9,81,37800.879,0,2025-03-14 14:47:08,17.18038888888889,20.932583333333334,1,4,1,270,10,10,Lock,Manual,37100,10
9,82,37563.012,0,2025-03-14 14:47:30,17.180333333333333,20.932444444444446,1,4,1,270,10,10,Lock,Manual,37100,10
9,83,37909.785,0,2025-03-14 14:47:47,17.180333333333333,20.932361111111113,1,4,1,270,10,10,Lock,Manual,37100,10
9,84,37563.746,0,2025-03-14 14:48:11,17.18036111111111,20.932333333333336,1,4,1,270,10,10,Lock,Manual,37100,10
9,85,37565.047,0,2025-03-14 14:48:37,17.18036111111111,20.932277777777777,1,4,1,270,10,10,Lock,Manual,37100,10
9,86,38034.43,0,2025-03-14 14:49:03,17.18036111111111,20.932166666666667,1,4,1,270,10,10,Lock,Manual,37100,10
9,87,37451.32,0,2025-03-14 14:49:29,17.18038888888889,20.932083333333335,1,4,1,270,10,10,Lock,Manual,37100,10
9,88,38634.512,0,2025-03-14 14:49:53,17.18036111111111,20.93202777777778,1,4,1,270,10,10,Lock,Manual,37100,10
9,89,37806.512,0,2025-03-14 14:50:16,17.18038888888889,20.93188888888889,1,4,1,270,10,10,Lock,Manual,37100,10
9,90,37450.117,0,2025-03-14 14:50:38,17.18041666666667,20.931805555555556,1,4,1,270,10,10,Lock,Manual,37100,10
9,91,38166.988,0,2025-03-14 14:51:02,17.18038888888889,20.931694444444446,1,4,1,270,10,10,Lock,Manual,37100,10
9,92,37675.652,0,2025-03-14 14:51:22,17.18038888888889,20.931611111111113,1,4,1,270,10,10,Lock,Manual,37100,10
9,93,38281.152,0,2025-03-14 14:52:39,17.180194444444446,20.931694444444446,1,4,1,90,10,10,Lock,Manual,37100,10
9,94,37558.617,0,2025-03-14 14:53:03,17.180194444444446,20.931805555555556,1,4,1,90,10,10,Lock,Manual,37100,10
9,95,37684.539,0,2025-03-14 14:53:34,17.18016666666667,20.93188888888889,1,4,1,90,10,10,Lock,Manual,37100,10
9,96,37455.867,0,2025-03-14 14:53:57,17.18016666666667,20.931972222222225,1,4,1,90,10,10,Lock,Manual,37100,10
9,97,37453.832,0,2025-03-14 14:54:21,17.18013888888889,20.932083333333335,1,4,1,90,10,10,Lock,Manual,37100,10
9,98,37328.898,0,2025-03-14 14:54:43,17.18016666666667,20.93213888888889,1,4,1,90,10,10,Lock,Manual,37100,10
9,99,37447.18,0,2025-03-14 14:55:03,17.18016666666667,20.932222222222222,1,4,1,90,10,10,Lock,Manual,37100,10
9,100,37218.223,0,2025-03-14 14:55:23,17.18013888888889,20.932333333333336,1,4,1,90,10,10,Lock,Manual,37100,10
10,1,0.0,0,2025-03-14 14:56:15,17.18013888888889,20.932472222222223,1,4,1,90,10,10,Lock,Manual,37100,10
10,2,37562.016,0,2025-03-14 14:56:24,17.18013888888889,20.932472222222223,1,4,1,90,10,10,Lock,Manual,37100,10
10,3,38623.621,0,2025-03-14 14:56:45,17.180194444444446,20.932555555555556,1,4,1,90,10,10,Lock,Manual,37100,10
10,4,37909.594,0,2025-03-14 14:57:11,17.180194444444446,20.93261111111111,1,4,1,90,10,10,Lock,Manual,37100,10
10,5,37211.492,0,2025-03-14 14:57:34,17.180194444444446,20.932722222222225,1,4,1,90,10,10,Lock,Manual,37100,10
10,6,37441.23,0,2025-03-14 14:57:59,17.180194444444446,20.932833333333335,1,4,1,90,10,10,Lock,Manual,37100,10
10,7,37564.27,0,2025-03-14 14:58:22,17.180194444444446,20.932944444444445,1,4,1,90,10,10,Lock,Manual,37100,10
10,8,37203.348,0,2025-03-14 14:58:42,17.18016666666667,20.933,1,4,1,90,10,10,Lock,Manual,37100,10
10,9,37208.648,0,2025-03-14 14:59:03,17.180083333333336,20.93313888888889,1,4,1,90,10,10,Lock,Manual,37100,10
10,10,37328.598,0,2025-03-14 14:59:25,17.180083333333336,20.933194444444446,1,4,1,90,10,10,Lock,Manual,37100,10
10,11,37922.973,0,2025-03-14 14:59:48,17.180111111111113,20.933305555555556,1,4,1,90,10,10,Lock,Manual,37100,10
10,12,37207.418,0,2025-03-14 15:01:08,17.18,20.933222222222224,1,4,1,270,10,10,Lock,Manual,37100,10
10,13,37799.898,0,2025-03-14 15:01:45,17.18,20.933027777777777,1,4,1,270,10,10,Lock,Manual,37100,10
10,14,37558.488,0,2025-03-14 15:02:05,17.180027777777777,20.932916666666667,1,4,1,270,10,10,Lock,Manual,37100,10
10,15,37799.48,0,2025-03-14 15:02:23,17.18,20.932833333333335,1,4,1,270,10,10,Lock,Manual,37100,10
10,16,38030.953,0,2025-03-14 15:02:41,17.180027777777777,20.932750000000002,1,4,1,270,10,10,Lock,Manual,37100,10
10,17,37437.359,0,2025-03-14 15:03:03,17.18,20.932666666666666,1,4,1,270,10,10,Lock,Manual,37100,10
10,18,37439.547,0,2025-03-14 15:03:23,17.18,20.932583333333334,1,4,1,270,10,10,Lock,Manual,37100,10
10,19,37674.031,0,2025-03-14 15:03:46,17.179972222222222,20.9325,1,4,1,270,10,10,Lock,Manual,37100,10
10,20,37577.098,0,2025-03-14 15:04:08,17.180027777777777,20.93241666666667,1,4,1,270,10,10,Lock,Manual,37100,10
10,21,37833.969,0,2025-03-14 15:04:37,17.180027777777777,20.93230555555556,1,4,1,270,10,10,Lock,Manual,37100,10
10,22,37675.105,0,2025-03-14 15:04:59,17.180027777777777,20.932222222222222,1,4,1,270,10,10,Lock,Manual,37100,10
10,23,38142.461,0,2025-03-14 15:05:24,17.18,20.932111111111112,1,4,1,270,10,10,Lock,Manual,37100,10
10,24,38032.969,0,2025-03-14 15:05:50,17.18,20.93202777777778,1,4,1,270,10,10,Lock,Manual,37100,10
10,25,37569.527,0,2025-03-14 15:06:14,17.18,20.93191666666667,1,4,1,270,10,10,Lock,Manual,37100,10
10,26,38377.895,0,2025-03-14 15:06:35,17.18,20.931833333333334,1,4,1,270,10,10,Lock,Manual,37100,10
